No,firstname,secondname,email,password,country
<<<<<<< HEAD
1,Adria,Balderas,python_lapped836@simplelogin.com,P@ssw0rd!@#3,Spain
=======
1,Manoel,Nakata Marques,fox_trading801@simplelogin.com,P@ssw0rd!@#3,Spain
2,Veijo,Helminen,kinfolk_wildlife045@simplelogin.com,P@ssw0rd!@#3,Finland
3,Sackarias,Sparv,recolor_manger248@simplelogin.com,P@ssw0rd!@#3,Sweden
4,Marti,Canales,bucktooth_lively631@simplelogin.com,P@ssw0rd!@#3,Spain
5,Erik,Aranda,throwaway_catering010@simplelogin.com,P@ssw0rd!@#3,Spain
>>>>>>> 5d523a2ed462829825b8f636b2ddfcd666d6b437
